GEO.id,GEO.id2,GEO.display-label,HD01_VD01,HD02_VD01,HD01_VD02,HD02_VD02,HD01_VD03,HD02_VD03,HD01_VD04,HD02_VD04,HD01_VD05,HD02_VD05,HD01_VD06,HD02_VD06,HD01_VD07,HD02_VD07,HD01_VD08,HD02_VD08
Id,Id2,Geography,Estimate; Total:,Margin of Error; Total:,Estimate; Total: - Under .50,Margin of Error; Total: - Under .50,Estimate; Total: - .50 to .99,Margin of Error; Total: - .50 to .99,Estimate; Total: - 1.00 to 1.24,Margin of Error; Total: - 1.00 to 1.24,Estimate; Total: - 1.25 to 1.49,Margin of Error; Total: - 1.25 to 1.49,Estimate; Total: - 1.50 to 1.84,Margin of Error; Total: - 1.50 to 1.84,Estimate; Total: - 1.85 to 1.99,Margin of Error; Total: - 1.85 to 1.99,Estimate; Total: - 2.00 and over,Margin of Error; Total: - 2.00 and over
1500000US110010001001,110010001001,"Block Group 1, Census Tract 1, District of Columbia, District of Columbia",1359,312,0,12,0,12,0,12,0,12,18,26,0,12,1341,315
1500000US110010001002,110010001002,"Block Group 2, Census Tract 1, District of Columbia, District of Columbia",1463,304,31,38,14,23,0,12,80,79,50,80,20,33,1268,308
1500000US110010001003,110010001003,"Block Group 3, Census Tract 1, District of Columbia, District of Columbia",972,217,14,24,0,12,7,13,12,20,0,12,41,57,898,207
1500000US110010001004,110010001004,"Block Group 4, Census Tract 1, District of Columbia, District of Columbia",1188,337,106,167,0,12,0,12,44,72,0,12,0,12,1038,281
1500000US110010002011,110010002011,"Block Group 1, Census Tract 2.01, District of Columbia, District of Columbia",83,53,36,63,19,32,0,12,0,12,0,12,0,12,28,24
1500000US110010002021,110010002021,"Block Group 1, Census Tract 2.02, District of Columbia, District of Columbia",1224,326,183,151,9,16,17,26,0,12,8,12,0,12,1007,280
1500000US110010002022,110010002022,"Block Group 2, Census Tract 2.02, District of Columbia, District of Columbia",566,138,19,21,22,33,10,16,0,12,0,12,0,12,515,136
1500000US110010002023,110010002023,"Block Group 3, Census Tract 2.02, District of Columbia, District of Columbia",863,247,167,129,19,30,0,12,0,12,26,35,0,12,651,161
1500000US110010002024,110010002024,"Block Group 4, Census Tract 2.02, District of Columbia, District of Columbia",906,347,322,258,0,12,14,20,30,35,48,75,0,12,492,150
1500000US110010003001,110010003001,"Block Group 1, Census Tract 3, District of Columbia, District of Columbia",1114,308,44,44,81,82,0,12,0,12,14,24,0,12,975,297
1500000US110010003002,110010003002,"Block Group 2, Census Tract 3, District of Columbia, District of Columbia",1492,261,76,55,0,12,38,44,0,12,24,29,0,12,1354,262
1500000US110010003003,110010003003,"Block Group 3, Census Tract 3, District of Columbia, District of Columbia",1611,625,436,368,246,188,72,74,0,12,0,12,0,12,857,229
1500000US110010003004,110010003004,"Block Group 4, Census Tract 3, District of Columbia, District of Columbia",1922,419,153,115,35,58,69,68,0,12,0,12,0,12,1665,364
1500000US110010004001,110010004001,"Block Group 1, Census Tract 4, District of Columbia, District of Columbia",555,139,28,26,17,20,0,12,0,12,0,12,3,7,507,132
1500000US110010004002,110010004002,"Block Group 2, Census Tract 4, District of Columbia, District of Columbia",1048,217,97,65,24,36,0,12,20,23,0,12,33,29,874,210
1500000US110010005011,110010005011,"Block Group 1, Census Tract 5.01, District of Columbia, District of Columbia",1467,288,65,81,60,48,21,36,41,68,29,50,0,12,1251,265
1500000US110010005012,110010005012,"Block Group 2, Census Tract 5.01, District of Columbia, District of Columbia",1967,310,59,70,73,122,16,25,23,32,37,32,22,26,1737,306
1500000US110010005021,110010005021,"Block Group 1, Census Tract 5.02, District of Columbia, District of Columbia",1669,182,17,20,12,16,8,13,14,21,19,21,0,12,1599,171
1500000US110010005022,110010005022,"Block Group 2, Census Tract 5.02, District of Columbia, District of Columbia",1376,163,37,29,0,12,21,23,33,39,14,20,0,12,1271,156
1500000US110010006001,110010006001,"Block Group 1, Census Tract 6, District of Columbia, District of Columbia",1131,298,46,53,19,29,0,12,0,12,0,12,0,12,1066,293
1500000US110010006002,110010006002,"Block Group 2, Census Tract 6, District of Columbia, District of Columbia",988,373,0,12,62,73,32,48,0,12,11,16,0,12,883,307
1500000US110010006003,110010006003,"Block Group 3, Census Tract 6, District of Columbia, District of Columbia",802,250,67,52,62,110,0,12,0,12,0,12,0,12,673,242
1500000US110010006004,110010006004,"Block Group 4, Census Tract 6, District of Columbia, District of Columbia",1699,345,0,12,15,26,0,12,0,12,0,12,38,45,1646,324
1500000US110010007011,110010007011,"Block Group 1, Census Tract 7.01, District of Columbia, District of Columbia",1243,287,227,145,129,115,0,12,10,14,14,23,0,12,863,247
1500000US110010007012,110010007012,"Block Group 2, Census Tract 7.01, District of Columbia, District of Columbia",1382,422,40,43,0,12,20,33,12,20,27,43,0,12,1283,423
1500000US110010007013,110010007013,"Block Group 3, Census Tract 7.01, District of Columbia, District of Columbia",1685,269,58,72,27,40,12,19,135,205,13,20,40,64,1400,259
1500000US110010007014,110010007014,"Block Group 4, Census Tract 7.01, District of Columbia, District of Columbia",1015,349,46,55,111,143,19,16,0,12,12,20,0,12,827,323
1500000US110010007021,110010007021,"Block Group 1, Census Tract 7.02, District of Columbia, District of Columbia",1465,215,84,60,68,85,14,22,72,71,29,46,11,17,1187,216
1500000US110010007022,110010007022,"Block Group 2, Census Tract 7.02, District of Columbia, District of Columbia",1031,261,189,185,27,32,120,93,0,12,0,12,10,16,685,201
1500000US110010007023,110010007023,"Block Group 3, Census Tract 7.02, District of Columbia, District of Columbia",860,267,41,65,13,21,17,27,0,12,15,24,65,91,709,222
1500000US110010008011,110010008011,"Block Group 1, Census Tract 8.01, District of Columbia, District of Columbia",2153,347,335,177,68,55,13,22,62,76,13,21,0,12,1662,345
1500000US110010008012,110010008012,"Block Group 2, Census Tract 8.01, District of Columbia, District of Columbia",851,304,0,12,0,12,0,12,0,12,0,12,0,12,851,304
1500000US110010008013,110010008013,"Block Group 3, Census Tract 8.01, District of Columbia, District of Columbia",2626,604,331,403,18,28,0,12,0,12,21,32,0,12,2256,448
1500000US110010008014,110010008014,"Block Group 4, Census Tract 8.01, District of Columbia, District of Columbia",706,237,3,4,13,19,0,12,83,90,24,40,0,12,583,215
1500000US110010008021,110010008021,"Block Group 1, Census Tract 8.02, District of Columbia, District of Columbia",1840,233,163,97,28,27,70,79,0,12,21,23,12,13,1546,221
1500000US110010008022,110010008022,"Block Group 2, Census Tract 8.02, District of Columbia, District of Columbia",1373,338,305,205,33,29,0,12,50,56,0,12,0,12,985,248
1500000US110010009011,110010009011,"Block Group 1, Census Tract 9.01, District of Columbia, District of Columbia",1663,267,116,80,13,20,11,16,21,27,0,12,0,12,1502,244
1500000US110010009012,110010009012,"Block Group 2, Census Tract 9.01, District of Columbia, District of Columbia",1725,309,63,42,4,9,0,12,0,12,50,55,13,20,1595,276
1500000US110010009013,110010009013,"Block Group 3, Census Tract 9.01, District of Columbia, District of Columbia",1314,287,215,165,55,100,0,12,27,29,0,12,0,12,1017,154
1500000US110010009021,110010009021,"Block Group 1, Census Tract 9.02, District of Columbia, District of Columbia",1067,209,24,19,10,12,0,12,120,170,6,10,1,4,906,151
1500000US110010009022,110010009022,"Block Group 2, Census Tract 9.02, District of Columbia, District of Columbia",1400,170,8,12,15,16,0,12,0,12,4,7,0,12,1373,164
1500000US110010010011,110010010011,"Block Group 1, Census Tract 10.01, District of Columbia, District of Columbia",943,262,17,32,24,39,0,12,0,12,0,12,0,12,902,232
1500000US110010010012,110010010012,"Block Group 2, Census Tract 10.01, District of Columbia, District of Columbia",2099,309,71,75,0,12,28,34,0,12,45,40,32,35,1923,289
1500000US110010010013,110010010013,"Block Group 3, Census Tract 10.01, District of Columbia, District of Columbia",1069,212,0,12,13,19,0,12,0,12,0,12,0,12,1056,210
1500000US110010010014,110010010014,"Block Group 4, Census Tract 10.01, District of Columbia, District of Columbia",1557,315,70,66,28,36,20,29,17,25,0,12,0,12,1422,345
1500000US110010010015,110010010015,"Block Group 5, Census Tract 10.01, District of Columbia, District of Columbia",1032,264,107,115,17,28,0,12,0,12,0,12,0,12,908,271
1500000US110010010016,110010010016,"Block Group 6, Census Tract 10.01, District of Columbia, District of Columbia",965,227,0,12,22,36,0,12,0,12,0,12,32,49,911,224
1500000US110010010021,110010010021,"Block Group 1, Census Tract 10.02, District of Columbia, District of Columbia",1345,412,712,310,126,65,47,47,39,61,9,15,197,316,215,172
1500000US110010010022,110010010022,"Block Group 2, Census Tract 10.02, District of Columbia, District of Columbia",1521,275,88,78,37,43,0,12,27,31,0,12,26,43,1343,260
1500000US110010010023,110010010023,"Block Group 3, Census Tract 10.02, District of Columbia, District of Columbia",895,261,0,12,37,42,0,12,0,12,0,12,50,78,808,269
1500000US110010011001,110010011001,"Block Group 1, Census Tract 11, District of Columbia, District of Columbia",1969,312,27,31,0,12,0,12,29,33,0,12,0,12,1913,321
1500000US110010011002,110010011002,"Block Group 2, Census Tract 11, District of Columbia, District of Columbia",1387,309,77,93,70,89,0,12,0,12,0,12,0,12,1240,312
1500000US110010011003,110010011003,"Block Group 3, Census Tract 11, District of Columbia, District of Columbia",814,268,34,52,0,12,0,12,0,12,0,12,0,12,780,250
1500000US110010011004,110010011004,"Block Group 4, Census Tract 11, District of Columbia, District of Columbia",768,240,5,5,26,39,0,12,0,12,32,53,0,12,705,256
1500000US110010012001,110010012001,"Block Group 1, Census Tract 12, District of Columbia, District of Columbia",1976,264,45,44,54,51,18,28,69,85,102,73,12,20,1676,310
1500000US110010012002,110010012002,"Block Group 2, Census Tract 12, District of Columbia, District of Columbia",862,250,29,47,3,6,0,12,15,24,3,8,3,6,809,248
1500000US110010012003,110010012003,"Block Group 3, Census Tract 12, District of Columbia, District of Columbia",722,271,10,18,0,12,0,12,29,37,0,12,0,12,683,282
1500000US110010012004,110010012004,"Block Group 4, Census Tract 12, District of Columbia, District of Columbia",1390,272,34,41,5,10,7,9,74,82,26,39,0,12,1244,280
1500000US110010013011,110010013011,"Block Group 1, Census Tract 13.01, District of Columbia, District of Columbia",1681,428,34,33,80,91,24,37,33,38,13,21,0,12,1497,413
1500000US110010013012,110010013012,"Block Group 2, Census Tract 13.01, District of Columbia, District of Columbia",535,225,9,6,2,6,0,12,0,12,0,12,0,12,524,225
1500000US110010013013,110010013013,"Block Group 3, Census Tract 13.01, District of Columbia, District of Columbia",1510,377,46,50,0,12,0,12,0,12,21,25,24,39,1419,346
1500000US110010013021,110010013021,"Block Group 1, Census Tract 13.02, District of Columbia, District of Columbia",2269,431,199,175,194,140,10,17,0,12,0,12,112,179,1754,339
1500000US110010013022,110010013022,"Block Group 2, Census Tract 13.02, District of Columbia, District of Columbia",4366,670,156,130,126,127,84,70,53,64,23,36,19,34,3905,675
1500000US110010013023,110010013023,"Block Group 3, Census Tract 13.02, District of Columbia, District of Columbia",731,336,101,139,29,47,0,12,0,12,0,12,0,12,601,225
1500000US110010014011,110010014011,"Block Group 1, Census Tract 14.01, District of Columbia, District of Columbia",2237,260,206,139,31,29,0,12,17,19,33,24,26,31,1924,228
1500000US110010014012,110010014012,"Block Group 2, Census Tract 14.01, District of Columbia, District of Columbia",1103,181,25,23,1,2,0,12,0,12,31,41,0,12,1046,185
1500000US110010014021,110010014021,"Block Group 1, Census Tract 14.02, District of Columbia, District of Columbia",956,188,26,41,0,12,0,12,18,29,8,12,0,12,904,184
1500000US110010014022,110010014022,"Block Group 2, Census Tract 14.02, District of Columbia, District of Columbia",939,184,18,23,35,54,0,12,18,26,10,15,0,12,858,189
1500000US110010014023,110010014023,"Block Group 3, Census Tract 14.02, District of Columbia, District of Columbia",1329,339,109,90,54,40,68,68,24,25,64,76,33,50,977,246
1500000US110010015001,110010015001,"Block Group 1, Census Tract 15, District of Columbia, District of Columbia",1796,503,22,32,0,12,23,34,0,12,43,48,0,12,1708,480
1500000US110010015002,110010015002,"Block Group 2, Census Tract 15, District of Columbia, District of Columbia",883,246,31,57,0,12,0,12,0,12,29,47,0,12,823,229
1500000US110010015003,110010015003,"Block Group 3, Census Tract 15, District of Columbia, District of Columbia",659,271,14,17,1,2,0,12,0,12,0,12,0,12,644,268
1500000US110010015004,110010015004,"Block Group 4, Census Tract 15, District of Columbia, District of Columbia",1551,336,138,129,0,12,13,21,11,18,40,68,0,12,1349,341
1500000US110010015005,110010015005,"Block Group 5, Census Tract 15, District of Columbia, District of Columbia",1184,298,0,12,0,12,0,12,0,12,0,12,0,12,1184,298
1500000US110010016001,110010016001,"Block Group 1, Census Tract 16, District of Columbia, District of Columbia",1385,259,57,49,28,44,0,12,0,12,0,12,0,12,1300,241
1500000US110010016002,110010016002,"Block Group 2, Census Tract 16, District of Columbia, District of Columbia",637,171,2,7,23,35,10,16,0,12,0,12,10,25,592,163
1500000US110010016003,110010016003,"Block Group 3, Census Tract 16, District of Columbia, District of Columbia",718,226,0,12,11,17,0,12,0,12,0,12,10,15,697,229
1500000US110010016004,110010016004,"Block Group 4, Census Tract 16, District of Columbia, District of Columbia",1682,328,17,27,43,36,0,12,13,25,4,11,22,33,1583,336
1500000US110010017021,110010017021,"Block Group 1, Census Tract 17.02, District of Columbia, District of Columbia",1554,292,57,56,0,12,0,12,53,68,69,69,0,12,1375,296
1500000US110010017022,110010017022,"Block Group 2, Census Tract 17.02, District of Columbia, District of Columbia",1457,260,74,59,21,22,32,34,91,126,36,46,9,14,1194,225
1500000US110010018031,110010018031,"Block Group 1, Census Tract 18.03, District of Columbia, District of Columbia",1295,234,58,58,133,140,62,71,103,66,113,118,37,59,789,222
1500000US110010018032,110010018032,"Block Group 2, Census Tract 18.03, District of Columbia, District of Columbia",2764,341,84,73,447,275,92,101,228,146,424,261,58,51,1431,331
1500000US110010018041,110010018041,"Block Group 1, Census Tract 18.04, District of Columbia, District of Columbia",1085,363,100,106,44,68,135,187,83,75,8,14,90,85,625,249
1500000US110010018042,110010018042,"Block Group 2, Census Tract 18.04, District of Columbia, District of Columbia",1666,654,135,116,127,117,58,61,131,161,91,104,56,85,1068,627
1500000US110010018043,110010018043,"Block Group 3, Census Tract 18.04, District of Columbia, District of Columbia",2884,575,378,285,362,252,45,71,389,266,142,109,121,194,1447,472
1500000US110010019011,110010019011,"Block Group 1, Census Tract 19.01, District of Columbia, District of Columbia",956,274,154,193,102,110,38,61,44,65,73,66,40,64,505,225
1500000US110010019012,110010019012,"Block Group 2, Census Tract 19.01, District of Columbia, District of Columbia",1024,351,33,30,30,35,0,12,209,241,0,12,0,12,752,269
1500000US110010019013,110010019013,"Block Group 3, Census Tract 19.01, District of Columbia, District of Columbia",1348,312,90,107,25,28,40,61,6,11,105,104,66,109,1016,313
1500000US110010019014,110010019014,"Block Group 4, Census Tract 19.01, District of Columbia, District of Columbia",653,193,8,12,0,12,0,12,0,12,15,17,64,88,566,182
1500000US110010019021,110010019021,"Block Group 1, Census Tract 19.02, District of Columbia, District of Columbia",1602,295,36,25,141,182,11,13,15,16,100,72,67,90,1232,235
1500000US110010019022,110010019022,"Block Group 2, Census Tract 19.02, District of Columbia, District of Columbia",739,164,43,36,6,7,47,54,32,45,8,9,0,12,603,153
1500000US110010020011,110010020011,"Block Group 1, Census Tract 20.01, District of Columbia, District of Columbia",1632,362,94,48,96,67,84,104,229,169,180,159,63,58,886,244
1500000US110010020012,110010020012,"Block Group 2, Census Tract 20.01, District of Columbia, District of Columbia",1327,248,35,28,69,51,11,17,78,113,0,12,153,187,981,172
1500000US110010020021,110010020021,"Block Group 1, Census Tract 20.02, District of Columbia, District of Columbia",905,238,0,12,41,63,0,12,0,12,9,14,51,64,804,216
1500000US110010020022,110010020022,"Block Group 2, Census Tract 20.02, District of Columbia, District of Columbia",1794,489,227,205,156,189,102,142,156,134,189,122,7,10,957,385
1500000US110010020023,110010020023,"Block Group 3, Census Tract 20.02, District of Columbia, District of Columbia",1211,289,59,59,34,34,102,145,16,26,20,25,22,26,958,276
1500000US110010021011,110010021011,"Block Group 1, Census Tract 21.01, District of Columbia, District of Columbia",1529,663,92,129,91,127,44,69,0,12,34,54,0,12,1268,652
1500000US110010021012,110010021012,"Block Group 2, Census Tract 21.01, District of Columbia, District of Columbia",1163,531,5,9,130,207,445,434,0,12,0,12,0,12,583,315
1500000US110010021013,110010021013,"Block Group 3, Census Tract 21.01, District of Columbia, District of Columbia",1421,448,19,36,104,99,0,12,0,12,0,12,0,12,1298,462
1500000US110010021014,110010021014,"Block Group 4, Census Tract 21.01, District of Columbia, District of Columbia",825,586,0,12,27,23,0,12,13,21,454,593,0,12,331,216
1500000US110010021015,110010021015,"Block Group 5, Census Tract 21.01, District of Columbia, District of Columbia",722,332,14,23,0,12,0,12,0,12,20,32,0,12,688,330
1500000US110010021021,110010021021,"Block Group 1, Census Tract 21.02, District of Columbia, District of Columbia",771,238,10,14,0,12,5,10,26,41,18,20,7,12,705,239
1500000US110010021022,110010021022,"Block Group 2, Census Tract 21.02, District of Columbia, District of Columbia",578,164,63,64,44,50,0,12,0,12,25,29,0,12,446,162
1500000US110010021023,110010021023,"Block Group 3, Census Tract 21.02, District of Columbia, District of Columbia",1219,322,91,105,6,7,0,12,0,12,104,132,11,17,1007,340
1500000US110010021024,110010021024,"Block Group 4, Census Tract 21.02, District of Columbia, District of Columbia",1249,335,210,163,74,87,0,12,18,14,9,15,95,131,843,274
1500000US110010021025,110010021025,"Block Group 5, Census Tract 21.02, District of Columbia, District of Columbia",502,161,40,37,61,75,14,15,0,12,14,16,5,10,368,132
1500000US110010021026,110010021026,"Block Group 6, Census Tract 21.02, District of Columbia, District of Columbia",694,233,35,41,71,60,0,12,14,15,20,23,0,12,554,231
1500000US110010022011,110010022011,"Block Group 1, Census Tract 22.01, District of Columbia, District of Columbia",1448,402,58,70,24,33,10,15,0,12,48,54,0,12,1308,348
1500000US110010022012,110010022012,"Block Group 2, Census Tract 22.01, District of Columbia, District of Columbia",1278,410,90,106,4,8,8,15,232,174,90,99,0,12,854,424
1500000US110010022013,110010022013,"Block Group 3, Census Tract 22.01, District of Columbia, District of Columbia",868,301,16,20,115,91,31,51,106,139,7,11,79,124,514,233
1500000US110010022021,110010022021,"Block Group 1, Census Tract 22.02, District of Columbia, District of Columbia",2203,530,363,382,134,121,45,46,266,276,246,124,24,36,1125,357
1500000US110010022022,110010022022,"Block Group 2, Census Tract 22.02, District of Columbia, District of Columbia",978,291,50,44,145,149,17,18,63,83,0,12,0,12,703,228
1500000US110010022023,110010022023,"Block Group 3, Census Tract 22.02, District of Columbia, District of Columbia",664,215,116,128,5,8,27,37,0,12,73,112,0,12,443,160
1500000US110010023011,110010023011,"Block Group 1, Census Tract 23.01, District of Columbia, District of Columbia",1657,351,19,23,52,53,11,18,8,12,91,92,0,12,1476,366
1500000US110010023012,110010023012,"Block Group 2, Census Tract 23.01, District of Columbia, District of Columbia",1714,279,105,94,126,104,45,34,30,41,8,12,95,94,1305,295
1500000US110010023021,110010023021,"Block Group 1, Census Tract 23.02, District of Columbia, District of Columbia",1449,204,292,189,39,36,57,49,23,25,13,21,0,12,1025,147
1500000US110010024001,110010024001,"Block Group 1, Census Tract 24, District of Columbia, District of Columbia",752,193,0,12,41,35,0,12,83,99,0,12,0,12,628,169
1500000US110010024002,110010024002,"Block Group 2, Census Tract 24, District of Columbia, District of Columbia",1395,289,28,31,50,44,90,106,26,22,0,12,119,156,1082,301
1500000US110010024003,110010024003,"Block Group 3, Census Tract 24, District of Columbia, District of Columbia",1006,243,62,54,65,51,96,121,0,12,61,53,10,16,712,247
1500000US110010024004,110010024004,"Block Group 4, Census Tract 24, District of Columbia, District of Columbia",1108,317,66,65,65,79,0,12,59,95,82,76,0,12,836,173
1500000US110010025011,110010025011,"Block Group 1, Census Tract 25.01, District of Columbia, District of Columbia",1298,221,122,100,233,130,52,42,40,44,125,75,52,56,674,242
1500000US110010025012,110010025012,"Block Group 2, Census Tract 25.01, District of Columbia, District of Columbia",1683,293,105,116,92,86,11,17,40,63,51,57,44,48,1340,230
1500000US110010025021,110010025021,"Block Group 1, Census Tract 25.02, District of Columbia, District of Columbia",1076,535,42,51,74,74,8,18,0,12,277,424,13,32,662,288
1500000US110010025022,110010025022,"Block Group 2, Census Tract 25.02, District of Columbia, District of Columbia",1871,414,159,156,51,77,11,18,173,258,0,12,0,12,1477,429
1500000US110010025023,110010025023,"Block Group 3, Census Tract 25.02, District of Columbia, District of Columbia",1419,888,9,15,9,15,0,12,162,211,10,15,0,12,1229,894
1500000US110010025024,110010025024,"Block Group 4, Census Tract 25.02, District of Columbia, District of Columbia",1676,456,129,109,259,279,77,97,43,54,21,36,0,12,1147,405
1500000US110010026001,110010026001,"Block Group 1, Census Tract 26, District of Columbia, District of Columbia",1147,174,41,46,4,5,0,12,37,26,6,8,23,34,1036,172
1500000US110010026002,110010026002,"Block Group 2, Census Tract 26, District of Columbia, District of Columbia",1478,181,27,28,17,19,0,12,10,14,20,21,10,12,1394,172
1500000US110010027011,110010027011,"Block Group 1, Census Tract 27.01, District of Columbia, District of Columbia",752,216,20,36,0,12,0,12,0,12,20,31,167,184,545,194
1500000US110010027012,110010027012,"Block Group 2, Census Tract 27.01, District of Columbia, District of Columbia",1535,376,218,270,16,25,19,34,9,17,36,50,0,12,1237,339
1500000US110010027013,110010027013,"Block Group 3, Census Tract 27.01, District of Columbia, District of Columbia",802,271,34,30,0,12,29,40,0,12,9,15,11,17,719,257
1500000US110010027014,110010027014,"Block Group 4, Census Tract 27.01, District of Columbia, District of Columbia",2591,628,126,123,577,462,437,337,54,51,26,26,0,12,1371,517
1500000US110010027021,110010027021,"Block Group 1, Census Tract 27.02, District of Columbia, District of Columbia",1673,476,53,65,108,145,272,261,39,61,385,337,0,12,816,257
1500000US110010027022,110010027022,"Block Group 2, Census Tract 27.02, District of Columbia, District of Columbia",3057,518,259,164,152,113,41,45,67,63,106,70,0,12,2432,444
1500000US110010027023,110010027023,"Block Group 3, Census Tract 27.02, District of Columbia, District of Columbia",1639,469,51,67,22,34,0,12,326,372,34,43,0,12,1206,401
1500000US110010028011,110010028011,"Block Group 1, Census Tract 28.01, District of Columbia, District of Columbia",1346,275,100,71,132,122,0,12,25,20,60,65,32,51,997,215
1500000US110010028012,110010028012,"Block Group 2, Census Tract 28.01, District of Columbia, District of Columbia",2511,422,78,72,450,284,112,129,117,122,284,186,39,30,1431,435
1500000US110010028021,110010028021,"Block Group 1, Census Tract 28.02, District of Columbia, District of Columbia",2650,410,297,199,280,203,61,83,188,292,21,25,109,72,1694,427
1500000US110010028022,110010028022,"Block Group 2, Census Tract 28.02, District of Columbia, District of Columbia",1834,467,147,112,334,312,298,197,9,15,220,222,3,6,823,279
1500000US110010029001,110010029001,"Block Group 1, Census Tract 29, District of Columbia, District of Columbia",1927,359,95,95,23,20,57,52,42,48,165,116,127,137,1418,364
1500000US110010029002,110010029002,"Block Group 2, Census Tract 29, District of Columbia, District of Columbia",2409,328,88,54,110,81,53,58,7,12,198,113,110,115,1843,289
1500000US110010030001,110010030001,"Block Group 1, Census Tract 30, District of Columbia, District of Columbia",1562,269,165,125,135,87,31,34,81,72,21,22,19,21,1110,243
1500000US110010030002,110010030002,"Block Group 2, Census Tract 30, District of Columbia, District of Columbia",1783,277,414,212,97,75,113,107,71,62,91,89,68,108,929,227
1500000US110010031001,110010031001,"Block Group 1, Census Tract 31, District of Columbia, District of Columbia",3176,360,71,52,321,213,270,254,210,135,84,57,0,12,2220,352
1500000US110010032001,110010032001,"Block Group 1, Census Tract 32, District of Columbia, District of Columbia",915,307,37,39,89,98,25,28,15,18,7,12,34,51,708,314
1500000US110010032002,110010032002,"Block Group 2, Census Tract 32, District of Columbia, District of Columbia",911,279,18,30,55,55,0,12,170,244,152,156,0,12,516,166
1500000US110010032003,110010032003,"Block Group 3, Census Tract 32, District of Columbia, District of Columbia",1641,456,140,111,202,195,0,12,106,149,24,38,14,21,1155,413
1500000US110010032004,110010032004,"Block Group 4, Census Tract 32, District of Columbia, District of Columbia",1598,462,68,97,121,176,200,263,0,12,135,122,46,74,1028,292
1500000US110010033011,110010033011,"Block Group 1, Census Tract 33.01, District of Columbia, District of Columbia",1550,407,83,60,68,76,31,30,6,9,144,190,54,81,1164,352
1500000US110010033012,110010033012,"Block Group 2, Census Tract 33.01, District of Columbia, District of Columbia",1368,292,26,41,77,49,23,22,18,21,54,70,0,12,1170,261
1500000US110010033013,110010033013,"Block Group 3, Census Tract 33.01, District of Columbia, District of Columbia",1004,230,36,47,0,12,7,11,0,12,52,48,0,12,909,208
1500000US110010033021,110010033021,"Block Group 1, Census Tract 33.02, District of Columbia, District of Columbia",1093,185,46,31,34,34,67,94,11,13,31,42,0,12,904,185
1500000US110010033022,110010033022,"Block Group 2, Census Tract 33.02, District of Columbia, District of Columbia",1120,210,151,111,36,30,32,29,5,7,5,7,0,12,891,152
1500000US110010034001,110010034001,"Block Group 1, Census Tract 34, District of Columbia, District of Columbia",1130,247,190,134,62,74,45,30,145,105,113,175,79,102,496,250
1500000US110010034002,110010034002,"Block Group 2, Census Tract 34, District of Columbia, District of Columbia",1574,327,152,79,101,125,49,37,49,48,20,21,17,19,1186,312
1500000US110010035001,110010035001,"Block Group 1, Census Tract 35, District of Columbia, District of Columbia",1859,375,199,232,130,86,20,24,68,42,92,63,11,12,1339,283
1500000US110010035002,110010035002,"Block Group 2, Census Tract 35, District of Columbia, District of Columbia",921,170,89,82,218,89,1,5,45,43,15,19,36,37,517,137
1500000US110010036001,110010036001,"Block Group 1, Census Tract 36, District of Columbia, District of Columbia",1484,396,3,11,9,15,0,12,0,12,68,106,0,12,1404,388
1500000US110010036002,110010036002,"Block Group 2, Census Tract 36, District of Columbia, District of Columbia",1583,405,251,204,140,98,196,273,20,29,260,234,46,66,670,223
1500000US110010036003,110010036003,"Block Group 3, Census Tract 36, District of Columbia, District of Columbia",2046,606,231,132,83,62,0,12,490,364,0,12,57,52,1185,327
1500000US110010037001,110010037001,"Block Group 1, Census Tract 37, District of Columbia, District of Columbia",1734,416,39,55,176,213,0,12,265,279,59,81,0,12,1195,316
1500000US110010037002,110010037002,"Block Group 2, Census Tract 37, District of Columbia, District of Columbia",2125,587,261,158,140,131,51,67,37,44,353,470,147,189,1136,321
1500000US110010037003,110010037003,"Block Group 3, Census Tract 37, District of Columbia, District of Columbia",1724,466,22,25,238,236,143,162,129,173,72,80,146,227,974,282
1500000US110010038001,110010038001,"Block Group 1, Census Tract 38, District of Columbia, District of Columbia",2701,385,163,94,19,29,20,47,178,210,27,43,336,308,1958,391
1500000US110010038002,110010038002,"Block Group 2, Census Tract 38, District of Columbia, District of Columbia",1658,263,32,38,72,62,26,39,20,32,51,60,0,12,1457,253
1500000US110010038003,110010038003,"Block Group 3, Census Tract 38, District of Columbia, District of Columbia",679,184,93,80,93,75,72,102,0,12,55,56,0,12,366,148
1500000US110010039001,110010039001,"Block Group 1, Census Tract 39, District of Columbia, District of Columbia",1291,234,98,103,74,51,27,44,24,29,0,12,0,12,1068,219
1500000US110010039002,110010039002,"Block Group 2, Census Tract 39, District of Columbia, District of Columbia",1178,354,105,109,52,87,14,22,0,12,8,19,16,27,983,222
1500000US110010039003,110010039003,"Block Group 3, Census Tract 39, District of Columbia, District of Columbia",1120,225,92,43,14,22,43,54,64,86,0,12,0,12,907,200
1500000US110010039004,110010039004,"Block Group 4, Census Tract 39, District of Columbia, District of Columbia",862,255,0,12,0,12,0,12,0,12,0,12,0,12,862,255
1500000US110010040011,110010040011,"Block Group 1, Census Tract 40.01, District of Columbia, District of Columbia",1812,495,51,43,37,56,62,65,54,64,13,21,0,12,1595,485
1500000US110010040012,110010040012,"Block Group 2, Census Tract 40.01, District of Columbia, District of Columbia",503,112,16,28,0,12,0,12,0,12,0,12,0,12,487,114
1500000US110010040013,110010040013,"Block Group 3, Census Tract 40.01, District of Columbia, District of Columbia",1964,287,42,39,8,13,0,12,265,79,12,19,0,12,1637,292
1500000US110010040021,110010040021,"Block Group 1, Census Tract 40.02, District of Columbia, District of Columbia",662,181,5,8,39,31,30,42,0,12,22,34,0,12,566,162
1500000US110010040022,110010040022,"Block Group 2, Census Tract 40.02, District of Columbia, District of Columbia",1738,297,29,21,33,20,0,12,20,21,52,56,115,181,1489,233
1500000US110010040023,110010040023,"Block Group 3, Census Tract 40.02, District of Columbia, District of Columbia",719,146,11,13,16,19,10,17,6,10,45,40,0,12,631,154
1500000US110010041001,110010041001,"Block Group 1, Census Tract 41, District of Columbia, District of Columbia",1384,259,22,24,6,9,7,11,2,4,9,14,0,12,1338,264
1500000US110010041002,110010041002,"Block Group 2, Census Tract 41, District of Columbia, District of Columbia",661,133,16,18,78,60,0,12,0,12,6,9,0,12,561,132
1500000US110010041003,110010041003,"Block Group 3, Census Tract 41, District of Columbia, District of Columbia",704,205,33,25,18,19,26,35,3,5,0,12,0,12,624,193
1500000US110010042011,110010042011,"Block Group 1, Census Tract 42.01, District of Columbia, District of Columbia",1554,239,26,29,13,20,54,49,14,24,33,38,0,12,1414,238
1500000US110010042012,110010042012,"Block Group 2, Census Tract 42.01, District of Columbia, District of Columbia",2155,390,78,80,42,41,27,52,18,28,9,26,0,12,1981,356
1500000US110010042021,110010042021,"Block Group 1, Census Tract 42.02, District of Columbia, District of Columbia",1108,163,68,42,38,43,0,12,13,14,37,31,0,12,952,155
1500000US110010042022,110010042022,"Block Group 2, Census Tract 42.02, District of Columbia, District of Columbia",1291,203,53,36,22,24,0,12,0,12,19,19,0,12,1197,214
1500000US110010043001,110010043001,"Block Group 1, Census Tract 43, District of Columbia, District of Columbia",2228,325,109,102,30,28,48,38,80,103,67,41,58,80,1836,301
1500000US110010043002,110010043002,"Block Group 2, Census Tract 43, District of Columbia, District of Columbia",1690,326,191,160,70,54,128,156,13,20,11,18,20,31,1257,284
1500000US110010044001,110010044001,"Block Group 1, Census Tract 44, District of Columbia, District of Columbia",3252,387,108,93,218,138,17,28,33,53,58,57,17,26,2801,370
1500000US110010044002,110010044002,"Block Group 2, Census Tract 44, District of Columbia, District of Columbia",2292,508,186,113,249,300,0,12,2,6,36,52,0,12,1819,389
1500000US110010046001,110010046001,"Block Group 1, Census Tract 46, District of Columbia, District of Columbia",1263,293,40,43,217,161,32,34,12,19,38,55,26,43,898,271
1500000US110010046002,110010046002,"Block Group 2, Census Tract 46, District of Columbia, District of Columbia",1570,307,125,107,50,48,10,17,63,60,26,34,23,29,1273,300
1500000US110010047011,110010047011,"Block Group 1, Census Tract 47.01, District of Columbia, District of Columbia",1713,443,337,393,62,78,486,341,264,296,282,436,38,42,244,240
1500000US110010047012,110010047012,"Block Group 2, Census Tract 47.01, District of Columbia, District of Columbia",3141,465,441,268,348,263,285,208,192,242,34,32,14,24,1827,362
1500000US110010047021,110010047021,"Block Group 1, Census Tract 47.02, District of Columbia, District of Columbia",2623,209,279,139,87,46,117,75,122,119,48,63,36,36,1934,154
1500000US110010048011,110010048011,"Block Group 1, Census Tract 48.01, District of Columbia, District of Columbia",2552,289,58,29,203,133,19,19,79,110,205,102,29,34,1959,257
1500000US110010048021,110010048021,"Block Group 1, Census Tract 48.02, District of Columbia, District of Columbia",1408,277,17,19,66,110,9,13,14,22,18,20,27,30,1257,299
1500000US110010048022,110010048022,"Block Group 2, Census Tract 48.02, District of Columbia, District of Columbia",2103,296,141,116,589,284,94,117,117,105,67,55,29,30,1066,282
1500000US110010049011,110010049011,"Block Group 1, Census Tract 49.01, District of Columbia, District of Columbia",1379,229,234,156,90,81,28,42,125,108,43,55,14,21,845,197
1500000US110010049012,110010049012,"Block Group 2, Census Tract 49.01, District of Columbia, District of Columbia",1433,257,86,86,106,67,140,129,20,36,28,31,0,12,1053,181
1500000US110010049021,110010049021,"Block Group 1, Census Tract 49.02, District of Columbia, District of Columbia",702,217,56,54,195,125,19,25,60,97,0,12,0,12,372,169
1500000US110010049022,110010049022,"Block Group 2, Census Tract 49.02, District of Columbia, District of Columbia",2453,430,190,186,52,74,554,465,14,15,8,12,0,12,1635,253
1500000US110010050011,110010050011,"Block Group 1, Census Tract 50.01, District of Columbia, District of Columbia",788,187,0,12,10,11,0,12,0,12,0,12,0,12,778,187
1500000US110010050012,110010050012,"Block Group 2, Census Tract 50.01, District of Columbia, District of Columbia",1275,294,105,114,76,65,25,25,24,28,9,10,5,8,1031,218
1500000US110010050021,110010050021,"Block Group 1, Census Tract 50.02, District of Columbia, District of Columbia",1473,308,138,111,238,124,71,67,50,53,36,42,0,12,940,258
1500000US110010050022,110010050022,"Block Group 2, Census Tract 50.02, District of Columbia, District of Columbia",1943,319,71,53,23,26,21,24,0,12,0,12,0,12,1828,329
1500000US110010050023,110010050023,"Block Group 3, Census Tract 50.02, District of Columbia, District of Columbia",1240,651,33,38,0,12,0,12,375,577,0,12,0,12,832,274
1500000US110010050024,110010050024,"Block Group 4, Census Tract 50.02, District of Columbia, District of Columbia",1315,296,80,58,126,106,73,76,13,21,76,83,52,164,895,347
1500000US110010052011,110010052011,"Block Group 1, Census Tract 52.01, District of Columbia, District of Columbia",2091,463,121,81,74,65,21,35,0,12,0,12,94,184,1781,444
1500000US110010052012,110010052012,"Block Group 2, Census Tract 52.01, District of Columbia, District of Columbia",1376,381,0,12,0,12,38,60,0,12,45,68,0,12,1293,321
1500000US110010052013,110010052013,"Block Group 3, Census Tract 52.01, District of Columbia, District of Columbia",706,217,52,56,0,12,0,12,0,12,31,52,0,12,623,218
1500000US110010052014,110010052014,"Block Group 4, Census Tract 52.01, District of Columbia, District of Columbia",2032,468,234,167,44,69,0,12,0,12,27,45,0,12,1727,498
1500000US110010053011,110010053011,"Block Group 1, Census Tract 53.01, District of Columbia, District of Columbia",917,168,54,40,0,12,0,12,21,32,0,12,0,12,842,171
1500000US110010053012,110010053012,"Block Group 2, Census Tract 53.01, District of Columbia, District of Columbia",1520,277,14,22,42,39,21,25,0,12,25,28,49,62,1369,271
1500000US110010053013,110010053013,"Block Group 3, Census Tract 53.01, District of Columbia, District of Columbia",1335,224,97,58,78,64,11,17,45,89,0,12,43,68,1061,198
1500000US110010053014,110010053014,"Block Group 4, Census Tract 53.01, District of Columbia, District of Columbia",1201,269,180,154,0,12,0,12,44,71,12,20,14,21,951,224
1500000US110010055001,110010055001,"Block Group 1, Census Tract 55, District of Columbia, District of Columbia",819,352,4,6,66,53,0,12,0,12,41,66,0,12,708,353
1500000US110010055002,110010055002,"Block Group 2, Census Tract 55, District of Columbia, District of Columbia",2508,516,201,132,161,175,0,12,0,12,0,12,49,81,2097,479
1500000US110010055003,110010055003,"Block Group 3, Census Tract 55, District of Columbia, District of Columbia",1710,406,261,181,69,64,52,82,24,38,0,12,27,44,1277,388
1500000US110010055004,110010055004,"Block Group 4, Census Tract 55, District of Columbia, District of Columbia",748,271,230,250,75,86,0,12,0,12,0,12,0,12,443,183
1500000US110010055005,110010055005,"Block Group 5, Census Tract 55, District of Columbia, District of Columbia",744,236,96,104,50,75,11,18,0,12,29,48,13,21,545,190
1500000US110010056001,110010056001,"Block Group 1, Census Tract 56, District of Columbia, District of Columbia",1873,338,246,103,277,200,215,154,14,22,9,13,0,12,1112,246
1500000US110010056002,110010056002,"Block Group 2, Census Tract 56, District of Columbia, District of Columbia",1337,251,75,72,214,149,32,36,13,21,18,28,0,12,985,226
1500000US110010056003,110010056003,"Block Group 3, Census Tract 56, District of Columbia, District of Columbia",1130,307,205,165,0,12,13,21,40,49,16,24,15,25,841,305
1500000US110010056004,110010056004,"Block Group 4, Census Tract 56, District of Columbia, District of Columbia",751,228,134,68,100,75,0,12,0,12,75,121,0,12,442,164
1500000US110010058001,110010058001,"Block Group 1, Census Tract 58, District of Columbia, District of Columbia",1084,165,32,42,23,20,8,12,0,12,0,12,0,12,1021,155
1500000US110010058002,110010058002,"Block Group 2, Census Tract 58, District of Columbia, District of Columbia",1685,301,232,196,134,93,16,27,24,28,0,12,68,81,1211,156
1500000US110010059001,110010059001,"Block Group 1, Census Tract 59, District of Columbia, District of Columbia",2445,219,291,105,131,55,30,29,31,23,43,27,108,88,1811,228
1500000US110010062021,110010062021,"Block Group 1, Census Tract 62.02, District of Columbia, District of Columbia",65,106,0,12,0,12,0,12,0,12,0,12,0,12,65,106
1500000US110010064001,110010064001,"Block Group 1, Census Tract 64, District of Columbia, District of Columbia",1322,317,152,116,436,202,171,173,85,80,47,34,14,20,417,156
1500000US110010064002,110010064002,"Block Group 2, Census Tract 64, District of Columbia, District of Columbia",1133,256,319,147,193,136,28,48,148,128,27,33,2,6,416,183
1500000US110010065001,110010065001,"Block Group 1, Census Tract 65, District of Columbia, District of Columbia",859,184,64,33,83,96,14,16,18,24,23,21,0,12,657,155
1500000US110010065002,110010065002,"Block Group 2, Census Tract 65, District of Columbia, District of Columbia",1694,344,66,155,86,92,3,5,7,11,11,13,0,12,1521,314
1500000US110010066001,110010066001,"Block Group 1, Census Tract 66, District of Columbia, District of Columbia",2024,206,0,12,71,55,28,31,21,25,32,30,17,26,1855,204
1500000US110010067001,110010067001,"Block Group 1, Census Tract 67, District of Columbia, District of Columbia",1321,183,32,31,34,28,30,24,9,15,7,13,7,12,1202,187
1500000US110010067002,110010067002,"Block Group 2, Census Tract 67, District of Columbia, District of Columbia",1504,222,7,12,8,12,8,12,0,12,0,12,13,20,1468,223
1500000US110010067003,110010067003,"Block Group 3, Census Tract 67, District of Columbia, District of Columbia",1296,170,71,52,51,49,0,12,14,20,0,12,16,25,1144,161
1500000US110010068011,110010068011,"Block Group 1, Census Tract 68.01, District of Columbia, District of Columbia",1529,180,104,50,82,47,30,36,40,36,100,130,4,7,1169,184
1500000US110010068012,110010068012,"Block Group 2, Census Tract 68.01, District of Columbia, District of Columbia",555,108,0,12,29,25,0,12,10,8,5,7,0,12,511,110
1500000US110010068021,110010068021,"Block Group 1, Census Tract 68.02, District of Columbia, District of Columbia",951,142,21,17,36,43,5,7,0,12,25,37,14,16,850,146
1500000US110010068022,110010068022,"Block Group 2, Census Tract 68.02, District of Columbia, District of Columbia",1537,203,93,107,81,78,37,32,15,14,6,9,47,47,1258,197
1500000US110010068041,110010068041,"Block Group 1, Census Tract 68.04, District of Columbia, District of Columbia",211,210,87,91,38,66,6,13,6,13,0,12,0,12,74,112
1500000US110010069001,110010069001,"Block Group 1, Census Tract 69, District of Columbia, District of Columbia",1421,189,56,47,17,19,0,12,48,41,56,44,30,43,1214,194
1500000US110010069002,110010069002,"Block Group 2, Census Tract 69, District of Columbia, District of Columbia",799,180,4,5,12,16,0,12,0,12,0,12,0,12,783,177
1500000US110010070001,110010070001,"Block Group 1, Census Tract 70, District of Columbia, District of Columbia",1441,251,12,19,20,33,38,34,10,16,0,12,0,12,1361,249
1500000US110010070002,110010070002,"Block Group 2, Census Tract 70, District of Columbia, District of Columbia",841,149,30,35,44,43,0,12,20,29,8,13,0,12,739,155
1500000US110010071001,110010071001,"Block Group 1, Census Tract 71, District of Columbia, District of Columbia",703,391,31,49,248,361,32,39,0,12,27,31,0,12,365,126
1500000US110010071002,110010071002,"Block Group 2, Census Tract 71, District of Columbia, District of Columbia",2646,342,646,362,277,159,224,328,133,117,117,85,2,5,1247,252
1500000US110010072001,110010072001,"Block Group 1, Census Tract 72, District of Columbia, District of Columbia",3469,260,256,206,120,69,160,167,52,47,5,8,32,36,2844,231
1500000US110010072002,110010072002,"Block Group 2, Census Tract 72, District of Columbia, District of Columbia",1087,157,46,35,123,52,85,90,68,81,0,12,0,12,765,142
1500000US110010073011,110010073011,"Block Group 1, Census Tract 73.01, District of Columbia, District of Columbia",3972,362,55,52,88,98,60,53,230,173,329,193,172,111,3038,395
1500000US110010073041,110010073041,"Block Group 1, Census Tract 73.04, District of Columbia, District of Columbia",1984,357,549,276,331,285,103,101,55,51,52,59,87,109,807,221
1500000US110010073042,110010073042,"Block Group 2, Census Tract 73.04, District of Columbia, District of Columbia",946,233,200,151,83,86,0,12,7,12,82,109,0,12,574,217
1500000US110010073043,110010073043,"Block Group 3, Census Tract 73.04, District of Columbia, District of Columbia",318,172,29,43,11,17,37,40,0,12,86,103,0,12,155,156
1500000US110010074011,110010074011,"Block Group 1, Census Tract 74.01, District of Columbia, District of Columbia",1206,164,430,170,316,137,119,103,42,61,76,79,56,53,167,85
1500000US110010074012,110010074012,"Block Group 2, Census Tract 74.01, District of Columbia, District of Columbia",1106,226,426,144,289,146,178,101,35,31,33,26,0,12,145,80
1500000US110010074031,110010074031,"Block Group 1, Census Tract 74.03, District of Columbia, District of Columbia",3192,374,681,327,621,345,281,190,347,286,99,93,120,115,1043,304
1500000US110010074041,110010074041,"Block Group 1, Census Tract 74.04, District of Columbia, District of Columbia",2098,635,390,340,438,368,351,343,111,166,63,98,90,97,655,329
1500000US110010074042,110010074042,"Block Group 2, Census Tract 74.04, District of Columbia, District of Columbia",1533,675,502,537,0,12,48,71,0,12,144,187,32,51,807,411
1500000US110010074043,110010074043,"Block Group 3, Census Tract 74.04, District of Columbia, District of Columbia",154,138,18,29,66,104,0,12,0,12,0,12,0,12,70,106
1500000US110010074061,110010074061,"Block Group 1, Census Tract 74.06, District of Columbia, District of Columbia",1759,487,387,255,124,120,129,115,0,12,361,389,140,179,618,252
1500000US110010074062,110010074062,"Block Group 2, Census Tract 74.06, District of Columbia, District of Columbia",1190,385,339,252,452,289,57,59,0,12,65,103,0,12,277,198
1500000US110010074071,110010074071,"Block Group 1, Census Tract 74.07, District of Columbia, District of Columbia",807,242,112,95,24,38,281,206,0,12,0,12,80,126,310,129
1500000US110010074072,110010074072,"Block Group 2, Census Tract 74.07, District of Columbia, District of Columbia",2068,236,251,176,297,130,114,112,31,40,221,161,19,28,1135,246
1500000US110010074081,110010074081,"Block Group 1, Census Tract 74.08, District of Columbia, District of Columbia",2992,410,985,372,609,288,209,150,101,73,314,230,85,109,689,228
1500000US110010074091,110010074091,"Block Group 1, Census Tract 74.09, District of Columbia, District of Columbia",1099,366,219,249,38,44,14,23,121,180,105,87,7,10,595,209
1500000US110010074092,110010074092,"Block Group 2, Census Tract 74.09, District of Columbia, District of Columbia",1310,353,224,237,262,229,98,100,98,115,153,138,0,12,475,176
1500000US110010074093,110010074093,"Block Group 3, Census Tract 74.09, District of Columbia, District of Columbia",1485,419,220,135,240,205,40,40,301,337,91,85,20,31,573,230
1500000US110010075021,110010075021,"Block Group 1, Census Tract 75.02, District of Columbia, District of Columbia",3158,640,756,410,781,548,273,208,133,217,277,216,20,23,918,388
1500000US110010075022,110010075022,"Block Group 2, Census Tract 75.02, District of Columbia, District of Columbia",1757,406,704,391,188,93,112,108,64,56,71,67,45,50,573,258
1500000US110010075031,110010075031,"Block Group 1, Census Tract 75.03, District of Columbia, District of Columbia",648,181,120,114,106,68,25,26,0,12,18,28,95,124,284,97
1500000US110010075032,110010075032,"Block Group 2, Census Tract 75.03, District of Columbia, District of Columbia",2000,316,240,112,742,305,22,22,115,110,148,117,0,12,733,265
1500000US110010075041,110010075041,"Block Group 1, Census Tract 75.04, District of Columbia, District of Columbia",2885,399,721,316,514,253,249,145,241,234,78,56,41,63,1041,315
1500000US110010076011,110010076011,"Block Group 1, Census Tract 76.01, District of Columbia, District of Columbia",877,315,0,12,90,103,0,12,157,210,0,12,10,16,620,268
1500000US110010076012,110010076012,"Block Group 2, Census Tract 76.01, District of Columbia, District of Columbia",260,95,19,30,47,51,29,44,0,12,0,12,7,12,158,79
1500000US110010076013,110010076013,"Block Group 3, Census Tract 76.01, District of Columbia, District of Columbia",2081,551,239,175,236,178,48,57,318,319,183,193,4,10,1053,446
1500000US110010076014,110010076014,"Block Group 4, Census Tract 76.01, District of Columbia, District of Columbia",756,323,32,52,138,156,181,165,19,32,38,58,71,127,277,190
1500000US110010076015,110010076015,"Block Group 5, Census Tract 76.01, District of Columbia, District of Columbia",900,376,47,49,196,151,150,214,0,12,14,18,0,12,493,287
1500000US110010076031,110010076031,"Block Group 1, Census Tract 76.03, District of Columbia, District of Columbia",1578,553,376,416,67,62,15,24,240,297,83,90,18,27,779,275
1500000US110010076032,110010076032,"Block Group 2, Census Tract 76.03, District of Columbia, District of Columbia",402,193,2,4,23,30,1,4,0,12,64,107,0,12,312,167
1500000US110010076033,110010076033,"Block Group 3, Census Tract 76.03, District of Columbia, District of Columbia",854,440,293,420,0,12,0,12,10,17,0,12,18,28,533,329
1500000US110010076034,110010076034,"Block Group 4, Census Tract 76.03, District of Columbia, District of Columbia",1200,422,296,285,42,66,17,25,0,12,57,70,0,12,788,352
1500000US110010076041,110010076041,"Block Group 1, Census Tract 76.04, District of Columbia, District of Columbia",1412,384,595,336,74,55,32,37,53,40,39,40,9,14,610,217
1500000US110010076042,110010076042,"Block Group 2, Census Tract 76.04, District of Columbia, District of Columbia",1401,318,32,36,87,115,0,12,28,33,93,83,28,44,1133,273
1500000US110010076043,110010076043,"Block Group 3, Census Tract 76.04, District of Columbia, District of Columbia",1199,338,59,46,187,135,0,12,37,62,115,130,132,152,669,257
1500000US110010076051,110010076051,"Block Group 1, Census Tract 76.05, District of Columbia, District of Columbia",698,237,36,37,32,34,26,29,18,31,15,18,0,12,571,217
1500000US110010076052,110010076052,"Block Group 2, Census Tract 76.05, District of Columbia, District of Columbia",2387,350,224,89,490,266,166,214,94,68,46,40,119,126,1248,344
1500000US110010076053,110010076053,"Block Group 3, Census Tract 76.05, District of Columbia, District of Columbia",902,327,220,141,233,132,35,45,63,71,64,77,0,12,287,244
1500000US110010077031,110010077031,"Block Group 1, Census Tract 77.03, District of Columbia, District of Columbia",797,396,105,127,116,95,38,69,0,12,22,29,260,408,256,187
1500000US110010077032,110010077032,"Block Group 2, Census Tract 77.03, District of Columbia, District of Columbia",1126,519,170,269,60,73,286,403,162,186,45,69,77,121,326,188
1500000US110010077033,110010077033,"Block Group 3, Census Tract 77.03, District of Columbia, District of Columbia",3112,700,789,472,820,523,67,76,427,378,434,384,102,158,473,220
1500000US110010077034,110010077034,"Block Group 4, Census Tract 77.03, District of Columbia, District of Columbia",486,296,65,73,192,223,0,12,0,12,0,12,32,51,197,185
1500000US110010077071,110010077071,"Block Group 1, Census Tract 77.07, District of Columbia, District of Columbia",2769,549,743,534,511,401,251,239,117,154,85,61,146,114,916,240
1500000US110010077072,110010077072,"Block Group 2, Census Tract 77.07, District of Columbia, District of Columbia",1608,392,69,59,205,219,0,12,87,136,103,97,18,28,1126,377
1500000US110010077081,110010077081,"Block Group 1, Census Tract 77.08, District of Columbia, District of Columbia",1592,368,330,292,382,236,64,70,160,273,10,28,81,94,565,261
1500000US110010077082,110010077082,"Block Group 2, Census Tract 77.08, District of Columbia, District of Columbia",1420,312,56,55,142,107,177,171,120,110,43,53,16,24,866,296
1500000US110010077091,110010077091,"Block Group 1, Census Tract 77.09, District of Columbia, District of Columbia",1293,218,106,63,280,150,115,153,91,58,81,51,38,39,582,165
1500000US110010077092,110010077092,"Block Group 2, Census Tract 77.09, District of Columbia, District of Columbia",973,222,44,33,215,141,25,27,45,68,0,12,100,138,544,171
1500000US110010078031,110010078031,"Block Group 1, Census Tract 78.03, District of Columbia, District of Columbia",990,288,184,136,155,176,21,29,14,23,111,116,23,34,482,247
1500000US110010078032,110010078032,"Block Group 2, Census Tract 78.03, District of Columbia, District of Columbia",607,177,77,91,32,32,0,12,0,12,125,141,0,12,373,125
1500000US110010078033,110010078033,"Block Group 3, Census Tract 78.03, District of Columbia, District of Columbia",652,336,0,12,10,16,0,12,83,85,23,38,0,12,536,350
1500000US110010078034,110010078034,"Block Group 4, Census Tract 78.03, District of Columbia, District of Columbia",1413,327,249,263,121,90,218,171,20,33,151,109,26,30,628,214
1500000US110010078041,110010078041,"Block Group 1, Census Tract 78.04, District of Columbia, District of Columbia",900,403,114,146,216,230,0,12,0,12,12,18,10,15,548,323
1500000US110010078042,110010078042,"Block Group 2, Census Tract 78.04, District of Columbia, District of Columbia",1384,287,397,271,132,127,11,19,228,205,13,19,0,12,603,178
1500000US110010078043,110010078043,"Block Group 3, Census Tract 78.04, District of Columbia, District of Columbia",872,326,26,41,130,106,0,12,0,12,170,134,0,12,546,240
1500000US110010078061,110010078061,"Block Group 1, Census Tract 78.06, District of Columbia, District of Columbia",1030,207,135,68,177,96,94,75,75,78,47,57,39,41,463,152
1500000US110010078062,110010078062,"Block Group 2, Census Tract 78.06, District of Columbia, District of Columbia",1028,273,133,114,164,140,150,157,6,10,126,140,12,19,437,145
1500000US110010078071,110010078071,"Block Group 1, Census Tract 78.07, District of Columbia, District of Columbia",1381,216,100,69,103,71,133,118,77,66,12,18,24,29,932,220
1500000US110010078072,110010078072,"Block Group 2, Census Tract 78.07, District of Columbia, District of Columbia",934,197,75,86,67,38,206,140,0,12,21,29,54,59,511,167
1500000US110010078081,110010078081,"Block Group 1, Census Tract 78.08, District of Columbia, District of Columbia",1909,605,244,243,192,208,69,79,19,21,192,211,45,74,1148,537
1500000US110010078082,110010078082,"Block Group 2, Census Tract 78.08, District of Columbia, District of Columbia",842,297,72,49,223,181,18,20,10,17,11,16,25,39,483,250
1500000US110010078083,110010078083,"Block Group 3, Census Tract 78.08, District of Columbia, District of Columbia",1096,526,280,383,28,26,176,277,0,12,160,183,0,12,452,300
1500000US110010078091,110010078091,"Block Group 1, Census Tract 78.09, District of Columbia, District of Columbia",1995,388,305,184,149,102,154,164,74,72,145,141,24,38,1144,314
1500000US110010078092,110010078092,"Block Group 2, Census Tract 78.09, District of Columbia, District of Columbia",1066,336,177,249,192,223,0,12,21,36,161,129,0,12,515,212
1500000US110010079011,110010079011,"Block Group 1, Census Tract 79.01, District of Columbia, District of Columbia",324,154,55,57,101,128,16,26,0,12,30,33,6,9,116,63
1500000US110010079012,110010079012,"Block Group 2, Census Tract 79.01, District of Columbia, District of Columbia",998,243,0,12,79,73,17,27,118,142,26,39,23,34,735,195
1500000US110010079013,110010079013,"Block Group 3, Census Tract 79.01, District of Columbia, District of Columbia",1548,401,117,94,170,141,49,40,31,29,83,102,0,12,1098,397
1500000US110010079014,110010079014,"Block Group 4, Census Tract 79.01, District of Columbia, District of Columbia",1011,228,194,120,145,138,97,132,21,34,0,12,123,131,431,145
1500000US110010079031,110010079031,"Block Group 1, Census Tract 79.03, District of Columbia, District of Columbia",1890,250,213,157,151,120,23,21,54,38,110,90,17,27,1322,172
1500000US110010080011,110010080011,"Block Group 1, Census Tract 80.01, District of Columbia, District of Columbia",694,258,10,13,0,12,0,12,6,9,1,13,0,12,677,252
1500000US110010080012,110010080012,"Block Group 2, Census Tract 80.01, District of Columbia, District of Columbia",1527,217,80,73,41,34,20,22,0,12,0,12,18,26,1368,218
1500000US110010080013,110010080013,"Block Group 3, Census Tract 80.01, District of Columbia, District of Columbia",891,311,9,12,57,56,11,15,0,12,6,11,0,12,808,315
1500000US110010080021,110010080021,"Block Group 1, Census Tract 80.02, District of Columbia, District of Columbia",1208,204,91,56,12,19,11,25,34,32,7,11,60,68,993,201
1500000US110010080022,110010080022,"Block Group 2, Census Tract 80.02, District of Columbia, District of Columbia",2219,240,49,55,47,75,37,41,34,34,42,52,0,12,2010,253
1500000US110010081001,110010081001,"Block Group 1, Census Tract 81, District of Columbia, District of Columbia",825,187,20,29,0,12,9,17,9,14,114,110,5,8,668,167
1500000US110010081002,110010081002,"Block Group 2, Census Tract 81, District of Columbia, District of Columbia",1554,221,12,18,0,12,50,61,39,55,26,26,0,12,1427,212
1500000US110010081003,110010081003,"Block Group 3, Census Tract 81, District of Columbia, District of Columbia",843,177,30,46,11,18,0,12,0,12,0,12,32,51,770,173
1500000US110010082001,110010082001,"Block Group 1, Census Tract 82, District of Columbia, District of Columbia",894,261,0,12,0,12,23,25,0,12,0,12,20,33,851,259
1500000US110010082002,110010082002,"Block Group 2, Census Tract 82, District of Columbia, District of Columbia",1887,250,173,148,27,28,5,4,36,37,9,15,0,12,1637,198
1500000US110010083011,110010083011,"Block Group 1, Census Tract 83.01, District of Columbia, District of Columbia",1203,246,29,38,10,8,0,12,0,12,25,36,0,12,1139,239
1500000US110010083012,110010083012,"Block Group 2, Census Tract 83.01, District of Columbia, District of Columbia",1146,230,34,34,27,24,0,12,7,12,8,12,0,12,1070,226
1500000US110010083021,110010083021,"Block Group 1, Census Tract 83.02, District of Columbia, District of Columbia",2303,154,72,39,41,28,117,104,8,13,61,49,0,12,2004,186
1500000US110010084021,110010084021,"Block Group 1, Census Tract 84.02, District of Columbia, District of Columbia",1022,243,31,40,3,8,6,9,2,4,24,26,0,12,956,239
1500000US110010084022,110010084022,"Block Group 2, Census Tract 84.02, District of Columbia, District of Columbia",1089,178,34,33,185,91,60,44,11,17,10,17,0,12,789,154
1500000US110010084101,110010084101,"Block Group 1, Census Tract 84.10, District of Columbia, District of Columbia",1441,183,58,41,49,42,22,31,0,12,22,30,17,19,1273,182
1500000US110010087011,110010087011,"Block Group 1, Census Tract 87.01, District of Columbia, District of Columbia",1507,337,47,48,77,90,38,47,34,40,36,31,0,12,1275,285
1500000US110010087012,110010087012,"Block Group 2, Census Tract 87.01, District of Columbia, District of Columbia",1127,332,109,97,49,33,18,23,32,53,84,119,0,12,835,288
1500000US110010087021,110010087021,"Block Group 1, Census Tract 87.02, District of Columbia, District of Columbia",1285,179,149,94,252,129,72,73,108,90,5,8,47,67,652,168
1500000US110010087022,110010087022,"Block Group 2, Census Tract 87.02, District of Columbia, District of Columbia",741,189,48,26,79,54,20,21,0,12,14,14,25,30,555,173
1500000US110010088021,110010088021,"Block Group 1, Census Tract 88.02, District of Columbia, District of Columbia",617,246,25,29,115,115,9,14,9,15,51,54,0,12,408,165
1500000US110010088022,110010088022,"Block Group 2, Census Tract 88.02, District of Columbia, District of Columbia",1628,381,154,116,279,214,60,56,212,242,57,78,0,12,866,234
1500000US110010088023,110010088023,"Block Group 3, Census Tract 88.02, District of Columbia, District of Columbia",1469,368,129,95,38,43,92,94,67,74,65,65,10,15,1068,352
1500000US110010088024,110010088024,"Block Group 4, Census Tract 88.02, District of Columbia, District of Columbia",1172,360,73,45,233,188,10,16,9,14,106,83,0,12,741,339
1500000US110010088031,110010088031,"Block Group 1, Census Tract 88.03, District of Columbia, District of Columbia",1536,351,540,327,258,139,172,110,49,47,33,45,29,34,455,145
1500000US110010088041,110010088041,"Block Group 1, Census Tract 88.04, District of Columbia, District of Columbia",959,302,76,72,79,58,31,36,45,67,32,50,0,12,696,287
1500000US110010088042,110010088042,"Block Group 2, Census Tract 88.04, District of Columbia, District of Columbia",1520,309,312,211,195,120,99,61,65,72,89,74,17,14,743,217
1500000US110010089031,110010089031,"Block Group 1, Census Tract 89.03, District of Columbia, District of Columbia",2621,435,103,80,616,367,407,250,89,88,61,62,49,69,1296,305
1500000US110010089032,110010089032,"Block Group 2, Census Tract 89.03, District of Columbia, District of Columbia",820,414,129,120,87,97,32,39,261,307,50,59,0,12,261,178
1500000US110010089041,110010089041,"Block Group 1, Census Tract 89.04, District of Columbia, District of Columbia",2255,367,297,116,272,109,74,68,45,45,359,230,45,41,1163,374
1500000US110010089042,110010089042,"Block Group 2, Census Tract 89.04, District of Columbia, District of Columbia",1083,370,91,61,218,137,15,22,140,206,62,73,0,12,557,266
1500000US110010090001,110010090001,"Block Group 1, Census Tract 90, District of Columbia, District of Columbia",1448,236,74,50,220,84,34,43,77,53,165,129,0,12,878,200
1500000US110010090002,110010090002,"Block Group 2, Census Tract 90, District of Columbia, District of Columbia",1597,230,138,101,158,79,44,32,93,81,70,56,0,12,1094,263
1500000US110010091021,110010091021,"Block Group 1, Census Tract 91.02, District of Columbia, District of Columbia",922,294,30,38,39,49,10,16,74,97,25,28,14,19,730,254
1500000US110010091022,110010091022,"Block Group 2, Census Tract 91.02, District of Columbia, District of Columbia",2454,385,297,212,563,289,49,39,137,158,193,172,66,103,1149,302
1500000US110010091023,110010091023,"Block Group 3, Census Tract 91.02, District of Columbia, District of Columbia",1809,443,391,334,218,139,51,47,292,317,25,29,83,83,749,272
1500000US110010092011,110010092011,"Block Group 1, Census Tract 92.01, District of Columbia, District of Columbia",2510,405,353,172,160,114,155,163,132,164,141,122,147,116,1422,270
1500000US110010092031,110010092031,"Block Group 1, Census Tract 92.03, District of Columbia, District of Columbia",1330,293,93,89,52,51,13,16,36,59,10,16,21,35,1105,259
1500000US110010092032,110010092032,"Block Group 2, Census Tract 92.03, District of Columbia, District of Columbia",1342,334,43,43,136,115,59,58,45,45,4,11,23,28,1032,292
1500000US110010092041,110010092041,"Block Group 1, Census Tract 92.04, District of Columbia, District of Columbia",1037,208,130,119,10,13,26,41,0,12,15,23,1,4,855,208
1500000US110010092042,110010092042,"Block Group 2, Census Tract 92.04, District of Columbia, District of Columbia",1814,326,415,210,474,213,85,86,169,127,88,61,34,59,549,318
1500000US110010093011,110010093011,"Block Group 1, Census Tract 93.01, District of Columbia, District of Columbia",770,224,7,11,12,16,118,113,0,12,24,25,0,12,609,254
1500000US110010093012,110010093012,"Block Group 2, Census Tract 93.01, District of Columbia, District of Columbia",966,245,9,14,91,127,0,12,22,26,32,29,0,12,812,218
1500000US110010093013,110010093013,"Block Group 3, Census Tract 93.01, District of Columbia, District of Columbia",1001,350,32,51,80,65,0,12,99,115,0,12,0,12,790,331
1500000US110010093014,110010093014,"Block Group 4, Census Tract 93.01, District of Columbia, District of Columbia",781,320,30,40,20,33,20,33,12,19,20,47,171,261,508,166
1500000US110010093021,110010093021,"Block Group 1, Census Tract 93.02, District of Columbia, District of Columbia",1043,109,19,16,77,50,26,26,0,12,92,80,2,4,827,110
1500000US110010094001,110010094001,"Block Group 1, Census Tract 94, District of Columbia, District of Columbia",822,263,13,20,0,12,27,40,0,12,44,70,18,29,720,274
1500000US110010094002,110010094002,"Block Group 2, Census Tract 94, District of Columbia, District of Columbia",1455,378,39,42,75,64,229,278,15,24,100,85,75,99,922,340
1500000US110010094003,110010094003,"Block Group 3, Census Tract 94, District of Columbia, District of Columbia",2026,387,223,296,188,223,11,18,49,52,102,148,9,14,1444,368
1500000US110010094004,110010094004,"Block Group 4, Census Tract 94, District of Columbia, District of Columbia",975,309,16,17,25,30,17,26,0,12,0,12,0,12,917,319
1500000US110010095011,110010095011,"Block Group 1, Census Tract 95.01, District of Columbia, District of Columbia",3229,568,301,248,44,47,215,148,792,409,249,220,47,71,1581,495
1500000US110010095012,110010095012,"Block Group 2, Census Tract 95.01, District of Columbia, District of Columbia",796,306,212,214,65,45,76,87,30,48,11,17,17,29,385,192
1500000US110010095013,110010095013,"Block Group 3, Census Tract 95.01, District of Columbia, District of Columbia",1451,302,256,157,116,121,144,134,0,12,133,113,99,112,703,251
1500000US110010095031,110010095031,"Block Group 1, Census Tract 95.03, District of Columbia, District of Columbia",1706,341,44,59,34,67,45,103,0,12,41,50,15,22,1527,336
1500000US110010095032,110010095032,"Block Group 2, Census Tract 95.03, District of Columbia, District of Columbia",849,302,34,38,13,20,0,12,34,52,14,22,0,12,754,315
1500000US110010095033,110010095033,"Block Group 3, Census Tract 95.03, District of Columbia, District of Columbia",804,235,45,42,23,38,7,11,6,10,6,11,0,12,717,237
1500000US110010095041,110010095041,"Block Group 1, Census Tract 95.04, District of Columbia, District of Columbia",1593,418,93,59,34,56,57,65,29,46,55,69,9,15,1316,415
1500000US110010095042,110010095042,"Block Group 2, Census Tract 95.04, District of Columbia, District of Columbia",1444,299,49,46,74,74,0,12,32,53,30,40,14,32,1245,303
1500000US110010095051,110010095051,"Block Group 1, Census Tract 95.05, District of Columbia, District of Columbia",666,268,18,29,6,9,0,12,9,14,149,192,0,12,484,208
1500000US110010095052,110010095052,"Block Group 2, Census Tract 95.05, District of Columbia, District of Columbia",608,179,1,4,12,19,26,37,10,15,0,12,51,51,508,181
1500000US110010095053,110010095053,"Block Group 3, Census Tract 95.05, District of Columbia, District of Columbia",1292,297,88,43,138,98,0,12,11,23,272,130,53,71,730,282
1500000US110010095071,110010095071,"Block Group 1, Census Tract 95.07, District of Columbia, District of Columbia",1777,206,92,100,167,160,23,21,109,117,71,65,0,12,1315,233
1500000US110010095081,110010095081,"Block Group 1, Census Tract 95.08, District of Columbia, District of Columbia",845,230,137,126,65,50,42,50,56,48,18,20,22,24,505,218
1500000US110010095082,110010095082,"Block Group 2, Census Tract 95.08, District of Columbia, District of Columbia",1374,393,22,24,10,15,85,71,20,31,64,71,5,7,1168,388
1500000US110010095083,110010095083,"Block Group 3, Census Tract 95.08, District of Columbia, District of Columbia",1469,349,73,78,108,100,0,12,47,46,90,129,36,56,1115,346
1500000US110010095091,110010095091,"Block Group 1, Census Tract 95.09, District of Columbia, District of Columbia",1430,453,22,25,8,12,234,386,43,47,105,121,8,12,1010,266
1500000US110010095092,110010095092,"Block Group 2, Census Tract 95.09, District of Columbia, District of Columbia",802,283,26,24,14,22,16,18,8,12,24,27,26,30,688,273
1500000US110010095093,110010095093,"Block Group 3, Census Tract 95.09, District of Columbia, District of Columbia",1077,285,17,18,36,48,63,100,0,12,108,166,0,12,853,234
1500000US110010096011,110010096011,"Block Group 1, Census Tract 96.01, District of Columbia, District of Columbia",2358,266,381,226,626,283,66,57,161,132,57,50,34,27,1033,227
1500000US110010096021,110010096021,"Block Group 1, Census Tract 96.02, District of Columbia, District of Columbia",1530,306,352,211,293,180,266,190,96,140,39,42,65,58,419,154
1500000US110010096022,110010096022,"Block Group 2, Census Tract 96.02, District of Columbia, District of Columbia",2143,406,352,248,593,346,30,42,220,188,403,245,81,98,464,341
1500000US110010096031,110010096031,"Block Group 1, Census Tract 96.03, District of Columbia, District of Columbia",1694,381,117,73,184,137,106,64,165,191,188,295,17,21,917,230
1500000US110010096032,110010096032,"Block Group 2, Census Tract 96.03, District of Columbia, District of Columbia",601,199,0,12,7,11,0,12,53,88,12,18,0,12,529,194
1500000US110010096033,110010096033,"Block Group 3, Census Tract 96.03, District of Columbia, District of Columbia",1209,518,109,78,80,68,74,78,0,12,482,534,10,16,454,213
1500000US110010096041,110010096041,"Block Group 1, Census Tract 96.04, District of Columbia, District of Columbia",1351,265,39,31,90,55,91,61,41,38,68,40,0,12,1022,284
1500000US110010096042,110010096042,"Block Group 2, Census Tract 96.04, District of Columbia, District of Columbia",759,183,87,72,32,24,13,17,16,15,74,66,5,7,532,163
1500000US110010097001,110010097001,"Block Group 1, Census Tract 97, District of Columbia, District of Columbia",2552,449,501,301,417,223,236,156,246,276,100,142,0,12,1052,403
1500000US110010097002,110010097002,"Block Group 2, Census Tract 97, District of Columbia, District of Columbia",867,370,30,43,285,316,15,35,8,18,35,45,8,14,486,279
1500000US110010098011,110010098011,"Block Group 1, Census Tract 98.01, District of Columbia, District of Columbia",2314,303,655,272,362,186,315,207,54,43,52,35,72,69,804,268
1500000US110010098021,110010098021,"Block Group 1, Census Tract 98.02, District of Columbia, District of Columbia",635,156,213,117,216,126,109,85,0,12,54,52,19,34,24,35
1500000US110010098022,110010098022,"Block Group 2, Census Tract 98.02, District of Columbia, District of Columbia",1122,210,180,117,177,145,52,67,43,36,45,47,0,12,625,158
1500000US110010098031,110010098031,"Block Group 1, Census Tract 98.03, District of Columbia, District of Columbia",853,273,223,180,154,113,0,12,108,95,83,123,16,26,269,174
1500000US110010098032,110010098032,"Block Group 2, Census Tract 98.03, District of Columbia, District of Columbia",894,346,297,237,165,174,20,31,0,12,143,154,0,12,269,175
1500000US110010098033,110010098033,"Block Group 3, Census Tract 98.03, District of Columbia, District of Columbia",1039,228,267,159,247,93,9,13,76,72,45,33,62,98,333,126
1500000US110010098041,110010098041,"Block Group 1, Census Tract 98.04, District of Columbia, District of Columbia",1838,355,278,191,395,249,81,96,198,101,140,128,22,27,724,160
1500000US110010098042,110010098042,"Block Group 2, Census Tract 98.04, District of Columbia, District of Columbia",996,225,118,116,175,88,23,28,22,29,101,117,46,54,511,198
1500000US110010098071,110010098071,"Block Group 1, Census Tract 98.07, District of Columbia, District of Columbia",655,209,65,74,92,87,88,102,0,12,0,12,29,39,381,136
1500000US110010098072,110010098072,"Block Group 2, Census Tract 98.07, District of Columbia, District of Columbia",2139,360,298,239,230,155,17,23,70,88,22,33,193,160,1309,350
1500000US110010098101,110010098101,"Block Group 1, Census Tract 98.10, District of Columbia, District of Columbia",1712,398,597,343,74,58,73,67,224,270,54,74,76,92,614,189
1500000US110010098102,110010098102,"Block Group 2, Census Tract 98.10, District of Columbia, District of Columbia",930,267,162,91,258,195,58,61,17,33,135,143,12,30,288,146
1500000US110010098111,110010098111,"Block Group 1, Census Tract 98.11, District of Columbia, District of Columbia",2027,498,346,242,507,384,345,293,0,12,213,188,91,79,525,303
1500000US110010098112,110010098112,"Block Group 2, Census Tract 98.11, District of Columbia, District of Columbia",3064,504,433,219,514,250,275,277,167,155,77,93,258,204,1340,420
1500000US110010099011,110010099011,"Block Group 1, Census Tract 99.01, District of Columbia, District of Columbia",1029,360,96,118,31,38,0,12,59,74,111,150,42,64,690,272
1500000US110010099012,110010099012,"Block Group 2, Census Tract 99.01, District of Columbia, District of Columbia",1689,300,37,35,86,87,2,6,0,12,37,35,0,12,1527,328
1500000US110010099021,110010099021,"Block Group 1, Census Tract 99.02, District of Columbia, District of Columbia",795,250,11,14,106,130,69,54,16,20,10,16,12,20,571,235
1500000US110010099022,110010099022,"Block Group 2, Census Tract 99.02, District of Columbia, District of Columbia",2152,344,250,210,47,60,95,88,99,123,187,192,0,12,1474,403
1500000US110010099031,110010099031,"Block Group 1, Census Tract 99.03, District of Columbia, District of Columbia",1175,301,53,96,192,164,80,83,85,84,123,137,38,59,604,195
1500000US110010099032,110010099032,"Block Group 2, Census Tract 99.03, District of Columbia, District of Columbia",679,190,71,75,54,85,43,70,25,39,36,52,15,23,435,142
1500000US110010099041,110010099041,"Block Group 1, Census Tract 99.04, District of Columbia, District of Columbia",760,270,128,109,73,42,24,24,58,85,23,27,0,12,454,239
1500000US110010099042,110010099042,"Block Group 2, Census Tract 99.04, District of Columbia, District of Columbia",1808,276,515,233,180,102,66,71,116,88,111,112,87,85,733,208
1500000US110010099051,110010099051,"Block Group 1, Census Tract 99.05, District of Columbia, District of Columbia",1261,426,155,134,175,157,53,54,184,174,15,23,86,155,593,289
1500000US110010099052,110010099052,"Block Group 2, Census Tract 99.05, District of Columbia, District of Columbia",763,245,137,125,53,48,0,12,0,12,55,65,0,12,518,243
1500000US110010099053,110010099053,"Block Group 3, Census Tract 99.05, District of Columbia, District of Columbia",835,255,206,160,0,12,17,19,42,73,172,189,18,28,380,149
1500000US110010099061,110010099061,"Block Group 1, Census Tract 99.06, District of Columbia, District of Columbia",1463,185,165,96,201,96,77,42,74,74,92,59,38,35,816,170
1500000US110010099071,110010099071,"Block Group 1, Census Tract 99.07, District of Columbia, District of Columbia",576,245,92,86,25,40,6,9,0,12,60,72,0,12,393,208
1500000US110010099072,110010099072,"Block Group 2, Census Tract 99.07, District of Columbia, District of Columbia",2366,315,674,348,244,184,446,280,138,173,17,30,50,92,797,246
1500000US110010101001,110010101001,"Block Group 1, Census Tract 101, District of Columbia, District of Columbia",1795,238,135,78,129,117,0,12,19,20,20,20,10,16,1482,225
1500000US110010101002,110010101002,"Block Group 2, Census Tract 101, District of Columbia, District of Columbia",791,190,92,88,25,29,0,12,61,76,26,32,0,12,587,161
1500000US110010102001,110010102001,"Block Group 1, Census Tract 102, District of Columbia, District of Columbia",1023,206,13,17,76,92,17,20,0,12,0,12,6,9,911,193
1500000US110010102002,110010102002,"Block Group 2, Census Tract 102, District of Columbia, District of Columbia",1512,276,54,54,9,14,15,17,0,12,0,12,0,12,1434,273
1500000US110010103001,110010103001,"Block Group 1, Census Tract 103, District of Columbia, District of Columbia",606,160,27,31,11,19,30,39,0,12,34,56,0,12,504,135
1500000US110010103002,110010103002,"Block Group 2, Census Tract 103, District of Columbia, District of Columbia",1095,251,113,107,25,24,196,213,102,115,11,13,0,12,648,202
1500000US110010103003,110010103003,"Block Group 3, Census Tract 103, District of Columbia, District of Columbia",1347,309,237,111,212,264,27,46,0,12,23,19,27,25,821,231
1500000US110010104001,110010104001,"Block Group 1, Census Tract 104, District of Columbia, District of Columbia",1760,476,300,234,330,235,122,149,0,12,69,102,0,12,939,350
1500000US110010104002,110010104002,"Block Group 2, Census Tract 104, District of Columbia, District of Columbia",2539,636,446,345,181,100,121,134,178,137,292,310,86,89,1235,530
1500000US110010105001,110010105001,"Block Group 1, Census Tract 105, District of Columbia, District of Columbia",1605,320,144,87,283,188,0,12,26,37,0,12,42,46,1110,336
1500000US110010105002,110010105002,"Block Group 2, Census Tract 105, District of Columbia, District of Columbia",1915,294,120,84,64,51,29,34,0,12,10,16,0,12,1692,301
1500000US110010106001,110010106001,"Block Group 1, Census Tract 106, District of Columbia, District of Columbia",994,230,109,149,196,169,70,91,45,42,11,17,26,30,537,162
1500000US110010106002,110010106002,"Block Group 2, Census Tract 106, District of Columbia, District of Columbia",4657,400,433,178,92,48,39,39,98,74,69,48,22,35,3904,330
1500000US110010106003,110010106003,"Block Group 3, Census Tract 106, District of Columbia, District of Columbia",798,282,91,92,40,69,26,34,9,17,33,33,0,12,599,229
1500000US110010107001,110010107001,"Block Group 1, Census Tract 107, District of Columbia, District of Columbia",739,136,226,102,27,22,14,16,17,18,68,60,10,16,377,97
1500000US110010107002,110010107002,"Block Group 2, Census Tract 107, District of Columbia, District of Columbia",862,147,53,27,17,18,18,21,49,34,14,21,33,47,678,135
1500000US110010108001,110010108001,"Block Group 1, Census Tract 108, District of Columbia, District of Columbia",289,81,75,60,37,55,6,9,0,12,1,3,0,12,170,62
1500000US110010108002,110010108002,"Block Group 2, Census Tract 108, District of Columbia, District of Columbia",587,130,228,100,72,46,24,17,4,7,17,17,0,12,242,70
1500000US110010108003,110010108003,"Block Group 3, Census Tract 108, District of Columbia, District of Columbia",553,210,162,96,142,83,6,10,40,54,23,28,0,12,180,64
1500000US110010109001,110010109001,"Block Group 1, Census Tract 109, District of Columbia, District of Columbia",2417,499,473,304,484,271,172,122,168,194,139,144,96,109,885,449
1500000US110010109002,110010109002,"Block Group 2, Census Tract 109, District of Columbia, District of Columbia",1856,791,856,745,183,129,258,293,122,179,83,83,14,21,340,117
1500000US110010110001,110010110001,"Block Group 1, Census Tract 110, District of Columbia, District of Columbia",666,373,75,69,0,12,18,29,11,16,26,77,77,145,459,349
1500000US110010110002,110010110002,"Block Group 2, Census Tract 110, District of Columbia, District of Columbia",795,170,0,12,22,37,0,12,20,33,17,28,18,29,718,173
1500000US110010110003,110010110003,"Block Group 3, Census Tract 110, District of Columbia, District of Columbia",686,193,18,30,17,26,0,12,0,12,0,12,0,12,651,195
1500000US110010110004,110010110004,"Block Group 4, Census Tract 110, District of Columbia, District of Columbia",1444,235,56,89,37,43,49,46,0,12,0,12,79,67,1223,223
1500000US110010111001,110010111001,"Block Group 1, Census Tract 111, District of Columbia, District of Columbia",1719,428,44,47,137,83,39,45,119,174,147,149,0,12,1233,348
1500000US110010111002,110010111002,"Block Group 2, Census Tract 111, District of Columbia, District of Columbia",2155,374,50,39,153,140,185,242,211,206,139,136,46,45,1371,370
1500000US110010111003,110010111003,"Block Group 3, Census Tract 111, District of Columbia, District of Columbia",1403,397,348,201,228,146,52,41,28,29,131,112,55,86,561,224
